CNES - Recursos Físicos - Hospitalar - Leitos de internação - Brasil;
Quantidade SUS por Município e Ano/mês compet.;
Leitos cirúrgicos: Cirurgia geral;
Período:Mar/2020-Abr/2021;
Município;qnt_leitos
110001 Alta Floresta D'Oeste;6
110034 Alvorada D'Oeste;3
110002 Ariquemes;15
110045 Buritis;1
110004 Cacoal;24
110005 Cerejeiras;5
110006 Colorado do Oeste;7
110008 Costa Marques;4
110009 Espigão D'Oeste;4
110100 Governador Jorge Teixeira;2
110010 Guajará-Mirim;4
110011 Jaru;4
110012 Ji-Paraná;30
110013 Machadinho D'Oeste;5
110130 Mirante da Serra;2
110140 Monte Negro;4
110014 Nova Brasilândia D'Oeste;5
110033 Nova Mamoré;9
110015 Ouro Preto do Oeste;10
110018 Pimenta Bueno;2
110020 Porto Velho;93
110025 Presidente Médici;5
110028 Rolim de Moura;3
110029 Santa Luzia D'Oeste;3
110149 São Francisco do Guaporé;1
110032 São Miguel do Guaporé;9
110150 Seringueiras;4
110030 Vilhena;18
120010 Brasiléia;4
120020 Cruzeiro do Sul;18
120030 Feijó;6
120040 Rio Branco;105
120050 Sena Madureira;2
120045 Senador Guiomard;9
120060 Tarauacá;4
130002 Alvarães;2
130006 Amaturá;3
130008 Anamã;6
130010 Anori;5
130014 Apuí;8
130020 Atalaia do Norte;-
130030 Autazes;3
130040 Barcelos;4
130050 Barreirinha;6
130060 Benjamin Constant;5
130063 Beruri;1
130068 Boa Vista do Ramos;2
130070 Boca do Acre;2
130080 Borba;8
130083 Caapiranga;3
130090 Canutama;3
130100 Carauari;6
130110 Careiro;4
130120 Coari;10
130130 Codajás;10
130140 Eirunepé;10
130150 Envira;1
130160 Fonte Boa;6
130165 Guajará;6
130170 Humaitá;4
130180 Ipixuna;3
130185 Iranduba;15
130190 Itacoatiara;20
130195 Itamarati;4
130200 Itapiranga;3
130210 Japurá;2
130220 Juruá;3
130230 Jutaí;2
130240 Lábrea;8
130250 Manacapuru;12
130255 Manaquiri;2
130260 Manaus;283
130270 Manicoré;4
130280 Maraã;4
130290 Maués;15
130300 Nhamundá;2
130310 Nova Olinda do Norte;4
130320 Novo Airão;4
130330 Novo Aripuanã;4
130340 Parintins;19
130350 Pauini;4
130353 Presidente Figueiredo;3
130356 Rio Preto da Eva;6
130360 Santa Isabel do Rio Negro;2
130370 Santo Antônio do Içá;2
130380 São Gabriel da Cachoeira;8
130390 São Paulo de Olivença;6
130395 São Sebastião do Uatumã;3
130400 Silves;5
130406 Tabatinga;12
130410 Tapauá;2
130420 Tefé;12
130423 Tonantins;5
130426 Uarini;2
130430 Urucará;3
130440 Urucurituba;8
140010 Boa Vista;49
140020 Caracaraí;4
140047 Rorainópolis;2
150010 Abaetetuba;64
150013 Abel Figueiredo;2
150020 Acará;5
150030 Afuá;3
150034 Água Azul do Norte;8
150040 Alenquer;20
150050 Almeirim;15
150060 Altamira;20
150070 Anajás;2
150080 Ananindeua;90
150085 Anapu;7
150090 Augusto Corrêa;10
150095 Aurora do Pará;14
150110 Bagre;2
150120 Baião;6
150130 Barcarena;10
150140 Belém;204
150145 Belterra;1
150157 Bom Jesus do Tocantins;6
150170 Bragança;38
150172 Brasil Novo;4
150175 Brejo Grande do Araguaia;5
150178 Breu Branco;10
150180 Breves;34
150190 Bujaru;10
150200 Cachoeira do Arari;2
150210 Cametá;32
150215 Canaã dos Carajás;12
150220 Capanema;38
150230 Capitão Poço;5
150240 Castanhal;40
150270 Conceição do Araguaia;19
150275 Concórdia do Pará;3
150276 Cumaru do Norte;2
150280 Curralinho;5
150290 Curuçá;5
150293 Dom Eliseu;17
150295 Eldorado do Carajás;8
150300 Faro;1
150304 Floresta do Araguaia;2
150307 Garrafão do Norte;4
150309 Goianésia do Pará;2
150310 Gurupá;1
150320 Igarapé-Açu;10
150330 Igarapé-Miri;26
150345 Ipixuna do Pará;32
150360 Itaituba;23
150370 Itupiranga;13
150375 Jacareacanga;4
150380 Jacundá;4
150390 Juruti;13
150400 Limoeiro do Ajuru;3
150405 Mãe do Rio;2
150420 Marabá;47
150430 Maracanã;6
150442 Marituba;8
150445 Medicilândia;7
150450 Melgaço;4
150460 Mocajuba;4
150470 Moju;7
150480 Monte Alegre;5
150490 Muaná;4
150495 Nova Esperança do Piriá;5
150497 Nova Ipixuna;1
150503 Novo Progresso;8
150506 Novo Repartimento;10
150510 Óbidos;12
150520 Oeiras do Pará;4
150530 Oriximiná;10
150540 Ourém;4
150543 Ourilândia do Norte;10
150548 Pacajá;3
150549 Palestina do Pará;3
150550 Paragominas;22
150553 Parauapebas;12
150555 Pau D'Arco;4
150563 Piçarra;4
150565 Placas;3
150570 Ponta de Pedras;1
150580 Portel;4
150590 Porto de Moz;7
150600 Prainha;2
150613 Redenção;13
150616 Rio Maria;5
150618 Rondon do Pará;11
150619 Rurópolis;3
150620 Salinópolis;14
150630 Salvaterra;3
150640 Santa Cruz do Arari;1
150650 Santa Izabel do Pará;10
150658 Santa Maria das Barreiras;5
150660 Santa Maria do Pará;7
150670 Santana do Araguaia;10
150680 Santarém;29
150700 Santo Antônio do Tauá;10
150710 São Caetano de Odivelas;4
150715 São Domingos do Araguaia;4
150720 São Domingos do Capim;5
150730 São Félix do Xingu;19
150745 São Geraldo do Araguaia;8
150747 São João de Pirabas;2
150750 São João do Araguaia;2
150760 São Miguel do Guamá;10
150770 São Sebastião da Boa Vista;1
150775 Sapucaia;-
150780 Senador José Porfírio;2
150790 Soure;9
150795 Tailândia;4
150797 Terra Santa;2
150800 Tomé-Açu;24
150803 Tracuateua;4
150805 Trairão;4
150808 Tucumã;13
150810 Tucuruí;54
150812 Ulianópolis;18
150815 Uruará;6
150820 Vigia;7
150830 Viseu;8
150835 Vitória do Xingu;4
150840 Xinguara;7
160020 Calçoene;1
160027 Laranjal do Jari;14
160030 Macapá;77
160050 Oiapoque;2
160053 Porto Grande;5
160060 Santana;8
170070 Alvorada;5
170100 Ananás;4
170190 Araguacema;3
170200 Araguaçu;4
170210 Araguaína;85
170220 Araguatins;2
170230 Arapoema;8
170240 Arraias;3
170255 Augustinópolis;5
170550 Colinas do Tocantins;15
171670 Colméia;2
170610 Cristalândia;1
170700 Dianópolis;7
170730 Dueré;1
170820 Formoso do Araguaia;8
170900 Goiatins;1
170930 Guaraí;15
170950 Gurupi;23
171050 Itacajá;2
171320 Miracema do Tocantins;12
171330 Miranorte;4
171360 Monte do Carmo;1
171420 Natividade;-
172100 Palmas;11
171610 Paraíso do Tocantins;8
171620 Paranã;3
171650 Pedro Afonso;12
171660 Peixe;4
171750 Pium;1
171820 Porto Nacional;20
172090 Taguatinga;4
172120 Tocantinópolis;6
172210 Xambioá;7
210005 Açailândia;22
210010 Afonso Cunha;1
210020 Alcântara;6
210030 Aldeias Altas;8
210043 Alto Alegre do Maranhão;2
210047 Alto Alegre do Pindaré;2
210060 Amarante do Maranhão;12
210070 Anajatuba;2
210080 Anapurus;2
210083 Apicum-Açu;2
210087 Araguanã;4
210090 Araioses;20
210095 Arame;11
210100 Arari;10
210110 Axixá;4
210120 Bacabal;53
210125 Bacabeira;2
210130 Bacuri;3
210140 Balsas;16
210150 Barão de Grajaú;6
210160 Barra do Corda;26
210170 Barreirinhas;10
210177 Bela Vista do Maranhão;2
210180 Benedito Leite;1
210190 Bequimão;4
210193 Bernardo do Mearim;3
210197 Boa Vista do Gurupi;2
210200 Bom Jardim;7
210203 Bom Jesus das Selvas;3
210210 Brejo;6
210220 Buriti;-
210230 Buriti Bravo;4
210232 Buriticupu;12
210240 Cajapió;1
210250 Cajari;5
210260 Cândido Mendes;2
210270 Cantanhede;12
210275 Capinzal do Norte;3
210280 Carolina;4
210290 Carutapera;5
210300 Caxias;51
210310 Cedral;7
210320 Chapadinha;27
210325 Cidelândia;5
210330 Codó;8
210340 Coelho Neto;17
210350 Colinas;11
210360 Coroatá;8
210370 Cururupu;16
210380 Dom Pedro;11
210400 Esperantinópolis;8
210405 Estreito;5
210407 Feira Nova do Maranhão;5
210409 Formosa da Serra Negra;2
210410 Fortaleza dos Nogueiras;6
210420 Fortuna;2
210440 Gonçalves Dias;4
210450 Governador Archer;2
210460 Governador Eugênio Barros;3
210462 Governador Luiz Rocha;3
210465 Governador Newton Bello;4
210467 Governador Nunes Freire;36
210470 Graça Aranha;2
210480 Grajaú;27
210490 Guimarães;8
210500 Humberto de Campos;4
210510 Icatu;5
210515 Igarapé do Meio;2
210520 Igarapé Grande;2
210530 Imperatriz;56
210535 Itaipava do Grajaú;2
210540 Itapecuru Mirim;2
210542 Itinga do Maranhão;18
210545 Jatobá;6
210547 Jenipapo dos Vieiras;2
210550 João Lisboa;16
210560 Joselândia;3
210570 Lago da Pedra;41
210580 Lago do Junco;4
210590 Lago Verde;6
210596 Lagoa Grande do Maranhão;2
210600 Lima Campos;10
210610 Loreto;2
210630 Magalhães de Almeida;6
210640 Mata Roma;4
210650 Matinha;5
210660 Matões;7
210667 Milagres do Maranhão;1
210670 Mirador;4
210675 Miranda do Norte;12
210680 Mirinzal;2
210690 Monção;10
210710 Morros;6
210730 Nova Iorque;1
210735 Nova Olinda do Maranhão;3
210740 Olho d'Água das Cunhãs;7
210745 Olinda Nova do Maranhão;8
210760 Palmeirândia;3
210770 Paraibano;6
210780 Parnarama;9
210790 Passagem Franca;18
210800 Pastos Bons;4
210805 Paulino Neves;6
210810 Paulo Ramos;6
210820 Pedreiras;14
210825 Pedro do Rosário;4
210830 Penalva;16
210840 Peri Mirim;4
210845 Peritoró;10
210850 Pindaré-Mirim;10
210860 Pinheiro;48
210870 Pio XII;6
210880 Pirapemas;6
210890 Poção de Pedras;5
210900 Porto Franco;18
210910 Presidente Dutra;34
210927 Presidente Sarney;2
210940 Primeira Cruz;5
210950 Riachão;10
210960 Rosário;19
210980 Santa Helena;11
210990 Santa Inês;53
211000 Santa Luzia;9
211003 Santa Luzia do Paruá;33
211010 Santa Quitéria do Maranhão;6
211020 Santa Rita;8
211023 Santana do Maranhão;2
211027 Santo Amaro do Maranhão;1
211030 Santo Antônio dos Lopes;7
211040 São Benedito do Rio Preto;8
211050 São Bento;11
211060 São Bernardo;4
211065 São Domingos do Azeitão;3
211070 São Domingos do Maranhão;9
211080 São Félix de Balsas;6
211085 São Francisco do Brejão;3
211090 São Francisco do Maranhão;3
211100 São João Batista;10
211102 São João do Carú;4
211105 São João do Paraíso;4
211107 São João do Soter;4
211110 São João dos Patos;3
211120 São José de Ribamar;10
211125 São José dos Basílios;3
211130 São Luís;331
211140 São Luís Gonzaga do Maranhão;6
211153 São Pedro da Água Branca;6
211157 São Pedro dos Crentes;2
211160 São Raimundo das Mangabeiras;3
211170 São Vicente Ferrer;9
211172 Satubinha;6
211174 Senador Alexandre Costa;2
211178 Serrano do Maranhão;2
211180 Sítio Novo;8
211190 Sucupira do Norte;3
211195 Sucupira do Riachão;6
211200 Tasso Fragoso;1
211210 Timbiras;14
211220 Timon;20
211223 Trizidela do Vale;7
211227 Tufilândia;1
211230 Tuntum;13
211240 Turiaçu;9
211250 Tutóia;6
211260 Urbano Santos;4
211270 Vargem Grande;4
211280 Viana;12
211290 Vitória do Mearim;5
211300 Vitorino Freire;5
211400 Zé Doca;6
220020 Água Branca;1
220040 Altos;2
220050 Amarante;6
220110 Avelino Lopes;3
220115 Baixa Grande do Ribeiro;3
220120 Barras;15
220140 Barro Duro;5
220190 Bom Jesus;10
220220 Campo Maior;42
220230 Canto do Buriti;6
220260 Castelo do Piauí;2
220277 Colônia do Piauí;1
220290 Corrente;9
220300 Cristalândia do Piauí;1
220320 Curimatá;4
220330 Demerval Lobão;11
220350 Elesbão Veloso;5
220370 Esperantina;5
220390 Floriano;13
220430 Fronteiras;1
220450 Guadalupe;6
220490 Isaías Coelho;2
220500 Itainópolis;3
220510 Itaueira;4
220520 Jaicós;3
220540 Joaquim Pires;2
220580 Luzilândia;14
220590 Manoel Emídio;2
220595 Marcolândia;6
220610 Matias Olímpio;3
220650 Monsenhor Hipólito;4
220660 Monte Alegre do Piauí;5
220700 Oeiras;27
220720 Padre Marcos;8
220770 Parnaíba;71
220780 Paulistana;14
220790 Pedro II;8
220800 Picos;54
220810 Pimenteiras;2
220820 Pio IX;4
220830 Piracuruca;12
220840 Piripiri;21
220870 Redenção do Gurguéia;7
220880 Regeneração;7
220910 Santa Cruz do Piauí;5
220920 Santa Filomena;2
221000 São João do Piauí;-
221030 São Julião;1
221040 São Miguel do Tapuio;2
221050 São Pedro do Piauí;9
221060 São Raimundo Nonato;59
221070 Simões;8
221080 Simplício Mendes;5
221090 Socorro do Piauí;3
221100 Teresina;264
221120 Uruçuí;9
221130 Valença do Piauí;8
221170 Wall Ferraz;8
230020 Acaraú;9
230030 Acopiara;24
230070 Alto Santo;5
230075 Amontada;4
230100 Aquiraz;8
230110 Aracati;11
230120 Aracoiaba;12
230125 Ararendá;2
230130 Araripe;6
230170 Aurora;22
230190 Barbalha;20
230210 Baturité;2
230220 Beberibe;-
230230 Bela Cruz;4
230240 Boa Viagem;6
230250 Brejo Santo;29
230260 Camocim;4
230270 Campos Sales;2
230280 Canindé;17
230320 Caririaçu;1
230350 Cascavel;1
230360 Catarina;1
230370 Caucaia;26
230380 Cedro;6
230390 Chaval;4
230410 Crateús;7
230420 Crato;61
230423 Croatá;7
230425 Cruz;4
230428 Eusébio;12
230430 Farias Brito;4
230440 Fortaleza;369
230470 Granja;10
230480 Granjeiro;1
230500 Guaraciaba do Norte;6
230520 Hidrolândia;5
230523 Horizonte;8
230530 Ibiapina;4
230540 Icó;11
230550 Iguatu;31
230580 Ipu;9
230590 Ipueiras;7
230600 Iracema;2
230610 Irauçuba;3
230630 Itapagé;2
230640 Itapipoca;28
230655 Itarema;4
230670 Jaguaretama;4
230680 Jaguaribara;6
230690 Jaguaribe;4
230710 Jardim;6
230720 Jati;5
230725 Jijoca de Jericoacoara;2
230730 Juazeiro do Norte;61
230740 Jucás;2
230750 Lavras da Mangabeira;8
230760 Limoeiro do Norte;42
230765 Maracanaú;60
230770 Maranguape;10
230780 Marco;5
230800 Massapê;4
230810 Mauriti;9
230830 Milagres;10
230840 Missão Velha;12
230850 Mombaça;8
230860 Monsenhor Tabosa;6
230870 Morada Nova;28
230900 Mucambo;6
230930 Nova Russas;6
230950 Orós;11
230960 Pacajus;-
231020 Paracuru;8
231030 Parambu;4
231050 Pedra Branca;5
231070 Pentecoste;12
231080 Pereiro;6
231100 Poranga;-
231130 Quixadá;14
231135 Quixelô;2
231140 Quixeramobim;18
231160 Redenção;7
231180 Russas;14
231190 Saboeiro;7
231220 Santa Quitéria;4
231200 Santana do Acaraú;2
231240 São Gonçalo do Amarante;5
231290 Sobral;123
231300 Solonópole;4
231310 Tabuleiro do Norte;8
231320 Tamboril;4
231330 Tauá;23
231340 Tianguá;15
231400 Várzea Alegre;5
231410 Viçosa do Ceará;4
240010 Acari;5
240020 Açu;12
240050 Alexandria;47
240060 Almino Afonso;15
240080 Angicos;4
240090 Antônio Martins;4
240100 Apodi;18
240120 Arês;-
240200 Caicó;50
240230 Caraúbas;11
240240 Carnaúba dos Dantas;3
240260 Ceará-Mirim;12
240270 Cerro Corá;5
240310 Currais Novos;26
240400 Frutuoso Gomes;1
240450 Guamaré;6
240560 Jardim de Piranhas;1
240570 Jardim do Seridó;8
240580 João Câmara;6
240600 José da Penha;-
240610 Jucurutu;14
240650 Lagoa Nova;4
240670 Lajes;7
240710 Macaíba;1
240720 Macau;6
240800 Mossoró;52
240810 Natal;253
240830 Nova Cruz;3
240890 Parelhas;19
240325 Parnamirim;21
240910 Passa e Fica;8
240930 Patu;9
240940 Pau dos Ferros;34
241020 Portalegre;16
241060 Rafael Godeiro;3
241110 Ruy Barbosa;1
241120 Santa Cruz;1
241140 Santana do Matos;4
241150 Santo Antônio;11
241200 São Gonçalo do Amarante;1
241250 São Miguel;6
241260 São Paulo do Potengi;13
241290 São Tomé;-
241360 Severiano Melo;3
241410 Tenente Ananias;4
241420 Tibau do Sul;3
241440 Touros;8
241490 Viçosa;3
241500 Vila Flor;6
250030 Alagoa Grande;2
250040 Alagoa Nova;1
250060 Alhandra;-
250110 Areia;5
250150 Bananeiras;5
250180 Bayeux;2
250190 Belém;6
250200 Belém do Brejo do Cruz;1
250230 Bom Sucesso;2
250240 Bonito de Santa Fé;2
250290 Brejo dos Santos;2
250300 Caaporã;5
250320 Cabedelo;9
250350 Cacimba de Dentro;-
250370 Cajazeiras;52
250400 Campina Grande;115
250430 Catolé do Rocha;10
250440 Conceição;12
250480 Coremas;4
250510 Cuité;15
250570 Dona Inês;2
250600 Esperança;6
250620 Frei Martinho;2
250630 Guarabira;44
250690 Itabaiana;8
250700 Itaporanga;6
250710 Itapororoca;3
250740 Jericó;-
250750 João Pessoa;195
250780 Junco do Seridó;2
250830 Lagoa Seca;8
250840 Lastro;2
250890 Mamanguape;15
250920 Massaranduba;6
250970 Monteiro;18
251080 Patos;34
251090 Paulista;3
251110 Pedra Lavrada;4
251120 Pedras de Fogo;9
251130 Piancó;12
251140 Picuí;18
251210 Pombal;12
251230 Princesa Isabel;7
251250 Queimadas;8
251340 Santa Luzia;13
251370 Santa Rita;12
251390 São Bento;5
251490 São Mamede;6
251530 Sapé;14
251550 Serra Branca;10
251600 Solânea;8
251610 Soledade;1
251620 Sousa;8
251630 Sumé;9
251650 Taperoá;12
251670 Teixeira;5
251690 Uiraúna;6
260005 Abreu e Lima;-
260010 Afogados da Ingazeira;17
260020 Afrânio;4
260030 Agrestina;9
260040 Água Preta;10
260070 Aliança;4
260080 Altinho;3
260090 Amaraji;5
260110 Araripina;27
260120 Arcoverde;12
260140 Barreiros;18
260170 Belo Jardim;9
260180 Betânia;1
260190 Bezerros;12
260210 Bom Conselho;-
260230 Bonito;10
260240 Brejão;2
260260 Brejo da Madre de Deus;4
260270 Buenos Aires;3
260290 Cabo de Santo Agostinho;20
260300 Cabrobó;16
260310 Cachoeirinha;4
260320 Caetés;4
260345 Camaragibe;-
260370 Canhotinho;6
260380 Capoeiras;2
260390 Carnaíba;3
260400 Carpina;8
260410 Caruaru;57
260450 Chã Grande;4
260470 Correntes;3
260480 Cortês;18
260490 Cumaru;4
260500 Cupira;4
260520 Escada;12
260540 Feira Nova;3
260560 Flores;4
260570 Floresta;8
260600 Garanhuns;27
260610 Glória do Goitá;-
260620 Goiana;15
260640 Gravatá;8
260650 Iati;3
260680 Igarassu;3
260765 Itambé;10
260770 Itapetim;7
260790 Jaboatão dos Guararapes;130
260795 Jaqueira;10
260805 Jatobá;4
260850 Lagoa de Itaenga;2
260845 Lagoa do Carro;2
260860 Lagoa do Ouro;8
260870 Lagoa dos Gatos;4
260890 Limoeiro;16
260900 Macaparana;6
260910 Machados;-
260930 Mirandiba;-
260940 Moreno;10
260950 Nazaré da Mata;1
260960 Olinda;18
260970 Orobó;4
260990 Ouricuri;16
261000 Palmares;54
261020 Panelas;5
261030 Paranatama;1
261040 Parnamirim;4
261050 Passira;3
261060 Paudalho;24
261070 Paulista;51
261080 Pedra;2
261090 Pesqueira;9
261100 Petrolândia;10
261110 Petrolina;21
261130 Pombos;4
261150 Quipapá;-
261160 Recife;712
261170 Riacho das Almas;10
261200 Sairé;-
261220 Salgueiro;20
261230 Saloá;3
261247 Santa Cruz da Baixa Verde;2
261250 Santa Cruz do Capibaribe;6
261260 Santa Maria da Boa Vista;-
261300 São Bento do Una;10
261320 São João;5
261330 São Joaquim do Monte;7
261350 São José do Belmonte;8
261360 São José do Egito;10
261370 São Lourenço da Mata;11
261380 São Vicente Ferrer;-
261390 Serra Talhada;10
261400 Serrita;2
261420 Sirinhaém;-
261450 Surubim;15
261460 Tabira;5
261485 Tamandaré;1
261500 Taquaritinga do Norte;6
261530 Timbaúba;18
261540 Toritama;5
261560 Trindade;3
261570 Triunfo;3
261590 Tuparetama;9
261600 Venturosa;4
261620 Vertentes;16
261640 Vitória de Santo Antão;22
270030 Arapiraca;78
270040 Atalaia;5
270070 Batalha;18
270170 Capela;5
270230 Coruripe;65
270240 Delmiro Gouveia;6
270380 Joaquim Gomes;4
270400 Junqueiro;5
270430 Maceió;147
270440 Major Isidoro;10
270550 Murici;15
270570 Olho d'Água das Flores;8
270630 Palmeira dos Índios;22
270640 Pão de Açúcar;10
270670 Penedo;5
270690 Pilar;16
270710 Piranhas;-
270730 Porto Calvo;6
270760 Quebrangulo;6
270770 Rio Largo;5
270800 Santana do Ipanema;20
270820 São Brás;1
270840 São José da Tapera;2
270860 São Miguel dos Campos;30
270915 Teotônio Vilela;7
270930 União dos Palmares;24
270940 Viçosa;5
280030 Aracaju;158
280120 Canindé de São Francisco;9
280210 Estância;38
280290 Itabaiana;31
280340 Japoatã;8
280350 Lagarto;41
280450 Nossa Senhora da Glória;-
280480 Nossa Senhora do Socorro;-
280560 Porto da Folha;4
280570 Propriá;11
280590 Riachuelo;5
290020 Abaré;2
290070 Alagoinhas;23
290080 Alcobaça;8
290100 Amargosa;13
290115 América Dourada;2
290120 Anagé;3
290160 Antas;31
290200 Aracatu;10
290210 Araci;12
290240 Aurelino Leal;14
290250 Baianópolis;8
290260 Baixa Grande;6
290270 Barra;15
290280 Barra da Estiva;9
290290 Barra do Choça;3
290300 Barra do Mendes;4
290320 Barreiras;84
290323 Barro Alto;1
290330 Barro Preto;1
290340 Belmonte;15
290350 Belo Campo;3
290390 Bom Jesus da Lapa;18
290400 Boninal;4
290410 Boquira;6
290430 Brejões;2
290440 Brejolândia;8
290460 Brumado;19
290490 Cachoeira;10
290500 Caculé;8
290510 Caém;5
290520 Caetité;35
290530 Cafarnaum;6
290550 Caldeirão Grande;4
290560 Camacan;11
290570 Camaçari;82
290590 Campo Alegre de Lourdes;8
290600 Campo Formoso;17
290610 Canápolis;4
290620 Canarana;1
290630 Canavieiras;15
290650 Candeias;6
290660 Candiba;6
290670 Cândido Sales;5
290680 Cansanção;13
290682 Canudos;8
290687 Capim Grosso;21
290690 Caravelas;10
290710 Carinhanha;5
290720 Casa Nova;8
290730 Castro Alves;18
290750 Catu;13
290760 Central;6
290780 Cícero Dantas;16
290790 Cipó;5
290800 Coaraci;7
290810 Cocos;9
290830 Conceição do Almeida;8
290840 Conceição do Coité;25
290850 Conceição do Jacuípe;-
290890 Coração de Maria;23
290910 Coribe;5
290930 Correntina;6
290940 Cotegipe;4
290950 Cravolândia;6
290960 Crisópolis;1
290970 Cristópolis;18
290980 Cruz das Almas;18
291005 Dias d'Ávila;16
291010 Dom Basílio;3
291040 Encruzilhada;5
291050 Entre Rios;17
291060 Esplanada;16
291070 Euclides da Cunha;15
291072 Eunápolis;24
291080 Feira de Santana;124
291085 Filadélfia;5
291110 Formosa do Rio Preto;4
291120 Gandu;11
291130 Gentio do Ouro;3
291170 Guanambi;22
291180 Guaratinga;4
291190 Iaçu;9
291200 Ibiassucê;4
291230 Ibicuí;6
291250 Ibipitanga;1
291290 Ibirataia;17
291300 Ibitiara;1
291310 Ibititá;5
291320 Ibotirama;11
291340 Igaporã;5
291350 Iguaí;18
291360 Ilhéus;110
291390 Ipiaú;18
291400 Ipirá;6
291410 Ipupiara;9
291420 Irajuba;3
291440 Iraquara;10
291460 Irecê;30
291465 Itabela;6
291470 Itaberaba;10
291480 Itabuna;84
291490 Itacaré;6
291530 Itagimirim;1
291540 Itaju do Colônia;2
291550 Itajuípe;13
291560 Itamaraju;9
291580 Itambé;10
291600 Itanhém;11
291610 Itaparica;12
291640 Itapetinga;12
291650 Itapicuru;5
291670 Itaquara;1
291680 Itarantim;7
291690 Itiruçu;15
291700 Itiúba;10
291710 Itororó;8
291730 Ituberá;8
291735 Jaborandi;7
291740 Jacaraci;3
291750 Jacobina;12
291760 Jaguaquara;28
291770 Jaguarari;6
291800 Jequié;77
291810 Jeremoabo;10
291820 Jiquiriçá;4
291840 Juazeiro;75
291845 Jucuruçu;1
291850 Jussara;6
291855 Jussari;6
291875 Lagoa Real;4
291880 Laje;17
291905 Lajedo do Tabocal;7
291915 Lapão;17
291920 Lauro de Freitas;32
291940 Licínio de Almeida;3
291950 Livramento de Nossa Senhora;11
291955 Luís Eduardo Magalhães;11
291970 Macarani;6
291980 Macaúbas;8
291992 Madre de Deus;2
292010 Mairi;5
292050 Maracás;12
292060 Maragogipe;3
292080 Marcionílio Souza;7
292100 Mata de São João;11
292110 Medeiros Neto;5
292120 Miguel Calmon;24
292130 Milagres;4
292140 Mirangaba;-
292150 Monte Santo;18
292170 Morro do Chapéu;6
292180 Mortugaba;4
292190 Mucugê;8
292200 Mucuri;8
292205 Mulungu do Morro;3
292210 Mundo Novo;4
292230 Muritiba;7
292240 Mutuípe;6
292250 Nazaré;10
292270 Nova Canaã;2
292300 Nova Viçosa;12
292310 Olindina;3
292340 Palmas de Monte Alto;6
292360 Paramirim;30
292370 Paratinga;8
292400 Paulo Afonso;41
292430 Piatã;10
292440 Pilão Arcado;3
292450 Pindaí;6
292460 Pindobaçu;9
292480 Piritiba;4
292490 Planaltino;2
292500 Planalto;9
292510 Poções;6
292520 Pojuca;25
292525 Ponto Novo;6
292530 Porto Seguro;51
292550 Prado;12
292560 Presidente Dutra;2
292580 Queimadas;6
292595 Rafael Jambeiro;6
292600 Remanso;11
292610 Retirolândia;4
292630 Riachão do Jacuípe;37
292640 Riacho de Santana;8
292660 Ribeira do Pombal;30
292700 Rio Real;12
292720 Ruy Barbosa;28
292740 Salvador;549
292770 Santa Cruz Cabrália;3
292790 Santa Inês;2
292810 Santa Maria da Vitória;16
292840 Santa Rita de Cássia;2
292850 Santa Teresinha;6
292800 Santaluz;10
292820 Santana;5
292860 Santo Amaro;28
292870 Santo Antônio de Jesus;65
292880 Santo Estêvão;36
292890 São Desidério;4
292910 São Felipe;4
292900 São Félix;12
292905 São Félix do Coribe;6
292920 São Francisco do Conde;3
292925 São Gabriel;4
292930 São Gonçalo dos Campos;12
292940 São Miguel das Matas;8
292950 São Sebastião do Passé;12
292960 Sapeaçu;4
292970 Sátiro Dias;5
292980 Saúde;10
292990 Seabra;33
293000 Sebastião Laranjeiras;4
293010 Senhor do Bonfim;8
293020 Sento Sé;9
293015 Serra do Ramalho;3
293030 Serra Dourada;6
293040 Serra Preta;6
293050 Serrinha;33
293060 Serrolândia;5
293070 Simões Filho;16
293075 Sítio do Mato;1
293077 Sobradinho;10
293090 Tabocas do Brejo Velho;6
293105 Tanque Novo;2
293130 Tapiramutá;1
293135 Teixeira de Freitas;31
293160 Teolândia;1
293180 Tremedal;1
293190 Tucano;6
293210 Ubaíra;16
293220 Ubaitaba;24
293240 Uibaí;6
293250 Una;8
293260 Urandi;4
293290 Valença;7
293300 Valente;11
293305 Várzea da Roça;6
293315 Várzea Nova;2
293320 Vera Cruz;-
293330 Vitória da Conquista;73
293340 Wagner;5
293345 Wanderley;5
293350 Wenceslau Guimarães;10
293360 Xique-Xique;22
310010 Abadia dos Dourados;2
310020 Abaeté;5
310030 Abre Campo;13
310090 Águas Formosas;6
310100 Águas Vermelhas;11
310110 Aimorés;6
310120 Aiuruoca;5
310150 Além Paraíba;4
310160 Alfenas;16
310170 Almenara;15
310190 Alpinópolis;14
310200 Alterosa;4
310230 Alvinópolis;7
310260 Andradas;7
310280 Andrelândia;8
310340 Araçuaí;14
310350 Araguari;13
310375 Araporã;2
310400 Araxá;14
310420 Arcos;4
310430 Areado;2
310450 Arinos;6
310470 Ataléia;2
310490 Baependi;10
310510 Bambuí;11
310540 Barão de Cocais;6
310560 Barbacena;24
310590 Barroso;6
310620 Belo Horizonte;379
310630 Belo Oriente;10
310640 Belo Vale;3
310650 Berilo;6
310670 Betim;35
310690 Bicas;2
310710 Boa Esperança;10
310730 Bocaiúva;18
310740 Bom Despacho;3
310780 Bom Jesus do Galho;-
310800 Bom Sucesso;8
310840 Botelhos;1
310860 Brasília de Minas;12
310900 Brumadinho;4
310930 Buritis;3
310950 Cabo Verde;2
310990 Caetanópolis;6
311000 Caeté;3
311030 Caldas;5
311050 Camanducaia;5
311060 Cambuí;6
311070 Cambuquira;5
311090 Campanha;-
311100 Campestre;4
311110 Campina Verde;5
311120 Campo Belo;11
311130 Campo do Meio;-
311150 Campos Altos;4
311160 Campos Gerais;7
311180 Canápolis;5
311230 Capelinha;5
311260 Capinópolis;4
311270 Capitão Enéas;5
311280 Capitólio;2
311300 Caraí;4
311320 Carandaí;7
311330 Carangola;20
311340 Caratinga;34
311360 Careaçu;2
311370 Carlos Chagas;9
311390 Carmo da Cachoeira;5
311400 Carmo da Mata;4
311430 Carmo do Paranaíba;12
311440 Carmo do Rio Claro;3
311450 Carmópolis de Minas;4
311460 Carrancas;2
311510 Cássia;3
311530 Cataguases;14
311550 Caxambu;3
311570 Central de Minas;4
311580 Centralina;4
311615 Chapada Gaúcha;6
311660 Cláudio;10
311680 Coluna;2
311710 Conceição da Aparecida;4
311730 Conceição das Alagoas;3
311750 Conceição do Mato Dentro;4
311770 Conceição do Rio Verde;2
311800 Congonhas;15
311830 Conselheiro Lafaiete;24
311840 Conselheiro Pena;7
311860 Contagem;32
311880 Coração de Jesus;3
311930 Coromandel;6
311940 Coronel Fabriciano;4
312020 Cristais;4
312050 Cristina;-
312080 Cruzília;12
312090 Curvelo;29
312120 Delfinópolis;2
312160 Diamantina;18
312200 Divino;8
312230 Divinópolis;15
312270 Dom Silvério;6
312320 Dores do Indaiá;8
312360 Elói Mendes;11
312390 Entre Rios de Minas;6
312400 Ervália;4
312410 Esmeraldas;3
312420 Espera Feliz;5
312430 Espinosa;6
312450 Estiva;1
312470 Estrela do Indaiá;3
312510 Extrema;1
312560 Felisburgo;7
312595 Fervedouro;3
312610 Formiga;12
312670 Francisco Sá;5
312690 Frei Inocêncio;4
312710 Frutal;8
312760 Gouveia;4
312770 Governador Valadares;99
312780 Grão Mogol;10
312800 Guanhães;10
312810 Guapé;3
312820 Guaraciaba;7
312830 Guaranésia;4
312860 Guarda-Mor;4
312870 Guaxupé;12
312910 Gurinhatã;2
312940 Ibertioga;6
312950 Ibiá;4
312970 Ibiraci;7
312980 Ibirité;9
313090 Inhapim;20
313120 Ipanema;14
313130 Ipatinga;65
313170 Itabira;28
313180 Itabirinha;2
313190 Itabirito;7
313210 Itacarambi;2
313220 Itaguara;12
313240 Itajubá;15
313250 Itamarandiba;8
313270 Itambacuri;10
313290 Itamogi;-
313300 Itamonte;5
313310 Itanhandu;4
313320 Itanhomi;4
313330 Itaobim;13
313350 Itapecerica;5
313375 Itaú de Minas;6
313380 Itaúna;5
313420 Ituiutaba;2
313440 Iturama;6
313470 Jacinto;6
313490 Jacutinga;4
313505 Jaíba;4
313510 Janaúba;37
313520 Januária;4
313540 Jeceaba;2
313580 Jequitinhonha;10
313600 Joaíma;2
313620 João Monlevade;14
313630 João Pinheiro;12
313650 Jordânia;1
313670 Juiz de Fora;147
313690 Juruaia;2
313720 Lagoa da Prata;4
313750 Lagoa Formosa;-
313760 Lagoa Santa;7
313770 Lajinha;2
313780 Lambari;5
313820 Lavras;23
313840 Leopoldina;5
313860 Lima Duarte;2
313880 Luz;4
313900 Machado;10
313920 Malacacheta;6
313930 Manga;7
313940 Manhuaçu;33
313950 Manhumirim;11
313960 Mantena;14
313980 Mar de Espanha;3
314000 Mariana;4
314070 Mateus Leme;13
314090 Matipó;3
314110 Matozinhos;16
314140 Medina;7
314150 Mendes Pimentel;1
314160 Mercês;1
314180 Minas Novas;4
314200 Mirabela;7
314220 Miraí;6
314240 Moema;5
314260 Monsenhor Paulo;2
314270 Montalvânia;2
314280 Monte Alegre de Minas;3
314290 Monte Azul;11
314300 Monte Belo;1
314310 Monte Carmelo;13
314320 Monte Santo de Minas;7
314330 Montes Claros;54
314390 Muriaé;31
314400 Mutum;2
314410 Muzambinho;10
314430 Nanuque;8
314460 Nepomuceno;2
314470 Nova Era;8
314480 Nova Lima;7
314500 Nova Ponte;1
314510 Nova Resende;2
314520 Nova Serrana;2
314530 Novo Cruzeiro;4
314560 Oliveira;8
314590 Ouro Branco;5
314600 Ouro Fino;10
314610 Ouro Preto;10
314630 Padre Paraíso;10
314650 Pains;2
314710 Pará de Minas;22
314700 Paracatu;8
314720 Paraguaçu;5
314730 Paraisópolis;6
314760 Passa Quatro;6
314770 Passa Tempo;2
314790 Passos;5
314800 Patos de Minas;23
314810 Patrocínio;14
314860 Peçanha;8
314870 Pedra Azul;9
314930 Pedro Leopoldo;6
314980 Perdizes;2
314990 Perdões;10
315110 Pirapetinga;6
315120 Pirapora;24
315140 Pitangui;6
315150 Piumhi;10
315170 Poço Fundo;10
315180 Poços de Caldas;25
315200 Pompéu;6
315210 Ponte Nova;10
315220 Porteirinha;8
315240 Poté;2
315250 Pouso Alegre;5
315260 Pouso Alto;3
315280 Prata;3
315340 Presidente Olegário;3
315400 Raul Soares;6
315410 Recreio;5
315420 Resende Costa;5
315430 Resplendor;7
315460 Ribeirão das Neves;12
315490 Rio Casca;10
315550 Rio Paranaíba;3
315560 Rio Pardo de Minas;4
315570 Rio Piracicaba;4
315580 Rio Pomba;4
315590 Rio Preto;3
315600 Rio Vermelho;3
315660 Rubim;3
315670 Sabará;17
315680 Sabinópolis;2
315690 Sacramento;4
315700 Salinas;10
315720 Santa Bárbara;4
315770 Santa Juliana;3
315780 Santa Luzia;16
315790 Santa Margarida;7
315820 Santa Maria do Suaçuí;5
315960 Santa Rita do Sapucaí;4
315980 Santa Vitória;5
315990 Santo Antônio do Amparo;10
316040 Santo Antônio do Monte;8
316070 Santos Dumont;5
316100 São Domingos do Prata;7
316110 São Francisco;6
316200 São Gonçalo do Sapucaí;6
316210 São Gotardo;7
316220 São João Batista do Glória;6
316240 São João da Ponte;8
316250 São João del Rei;20
316270 São João do Paraíso;6
316280 São João Evangelista;10
316290 São João Nepomuceno;4
316370 São Lourenço;12
316470 São Sebastião do Paraíso;12
316500 São Tiago;4
316530 São Vicente de Minas;6
316680 Serra do Salitre;4
316690 Serrania;2
316710 Serro;10
316720 Sete Lagoas;32
316800 Taiobeiras;21
316840 Tarumirim;21
316860 Teófilo Otoni;42
316870 Timóteo;15
316920 Tombos;4
316930 Três Corações;6
316935 Três Marias;2
316940 Três Pontas;20
316960 Tupaciguara;6
316970 Turmalina;5
316990 Ubá;44
317010 Uberaba;60
317020 Uberlândia;64
317040 Unaí;5
317043 União de Minas;8
317052 Urucuia;8
317070 Varginha;24
317080 Várzea da Palma;7
317100 Vazante;5
317120 Vespasiano;4
317130 Viçosa;19
317160 Virgem da Lapa;4
317170 Virgínia;2
317180 Virginópolis;8
317200 Visconde do Rio Branco;8
320010 Afonso Cláudio;5
320020 Alegre;11
320040 Anchieta;9
320060 Aracruz;17
320080 Baixo Guandu;4
320090 Barra de São Francisco;11
320100 Boa Esperança;4
320120 Cachoeiro de Itapemirim;32
320140 Castelo;3
320150 Colatina;51
320160 Conceição da Barra;4
320170 Conceição do Castelo;3
320190 Domingos Martins;9
320210 Ecoporanga;6
320230 Guaçuí;8
320240 Guarapari;3
320245 Ibatiba;6
320260 Iconha;-
320270 Itaguaçu;6
320280 Itapemirim;5
320290 Itarana;1
320300 Iúna;8
320305 Jaguaré;1
320310 Jerônimo Monteiro;13
320313 João Neiva;8
320320 Linhares;17
320340 Mimoso do Sul;3
320350 Montanha;4
320360 Mucurici;2
320370 Muniz Freire;4
320380 Muqui;4
320390 Nova Venécia;4
320405 Pedro Canário;6
320410 Pinheiros;4
320435 Rio Bananal;3
320450 Santa Leopoldina;17
320455 Santa Maria de Jetibá;6
320460 Santa Teresa;18
320470 São Gabriel da Palha;4
320480 São José do Calçado;7
320490 São Mateus;28
320500 Serra;22
320503 Vargem Alta;-
320506 Venda Nova do Imigrante;8
320520 Vila Velha;67
320530 Vitória;70
330010 Angra dos Reis;19
330015 Aperibé;6
330020 Araruama;27
330023 Armação dos Búzios;8
330025 Arraial do Cabo;6
330030 Barra do Piraí;19
330040 Barra Mansa;48
330045 Belford Roxo;7
330050 Bom Jardim;13
330060 Bom Jesus do Itabapoana;28
330070 Cabo Frio;32
330080 Cachoeiras de Macacu;4
330090 Cambuci;8
330100 Campos dos Goytacazes;97
330110 Cantagalo;8
330120 Carmo;2
330130 Casimiro de Abreu;4
330150 Cordeiro;8
330160 Duas Barras;2
330170 Duque de Caxias;59
330185 Guapimirim;10
330190 Itaboraí;12
330200 Itaguaí;2
330210 Itaocara;6
330220 Itaperuna;15
330225 Itatiaia;3
330230 Laje do Muriaé;4
330240 Macaé;54
330250 Magé;12
330260 Mangaratiba;4
330270 Maricá;11
330290 Miguel Pereira;9
330300 Miracema;2
330310 Natividade;10
330330 Niterói;74
330340 Nova Friburgo;22
330350 Nova Iguaçu;28
330370 Paraíba do Sul;3
330380 Paraty;10
330390 Petrópolis;57
330400 Piraí;11
330410 Porciúncula;1
330411 Porto Real;4
330412 Quatis;6
330414 Queimados;1
330415 Quissamã;1
330420 Resende;33
330430 Rio Bonito;20
330440 Rio Claro;10
330450 Rio das Flores;3
330452 Rio das Ostras;13
330455 Rio de Janeiro;693
330460 Santa Maria Madalena;4
330470 Santo Antônio de Pádua;5
330480 São Fidélis;11
330490 São Gonçalo;63
330500 São João da Barra;4
330515 São José do Vale do Rio Preto;3
330520 São Pedro da Aldeia;13
330530 São Sebastião do Alto;8
330550 Saquarema;16
330555 Seropédica;1
330570 Sumidouro;4
330580 Teresópolis;31
330590 Trajano de Moraes;5
330600 Três Rios;12
330610 Valença;30
330615 Varre-Sai;4
330620 Vassouras;41
330630 Volta Redonda;45
350010 Adamantina;6
350050 Águas de Lindóia;4
350070 Agudos;12
350100 Altinópolis;2
350110 Alto Alegre;4
350130 Álvares Machado;3
350160 Americana;10
350170 Américo Brasiliense;4
350190 Amparo;4
350210 Andradina;8
350220 Angatuba;11
350250 Aparecida;3
350260 Aparecida d'Oeste;1
350270 Apiaí;4
350280 Araçatuba;28
350310 Arandu;2
350320 Araraquara;63
350330 Araras;12
350400 Assis;53
350410 Atibaia;17
350420 Auriflama;8
350450 Avaré;26
350520 Bariri;4
350530 Barra Bonita;16
350550 Barretos;6
350570 Barueri;-
350580 Bastos;4
350590 Batatais;6
350600 Bauru;85
350610 Bebedouro;15
350630 Bernardino de Campos;1
350635 Bertioga;10
350640 Bilac;10
350650 Birigui;12
350670 Boa Esperança do Sul;4
350680 Bocaina;1
350700 Boituva;4
350740 Borborema;2
350750 Botucatu;116
350760 Bragança Paulista;38
350790 Brotas;6
350810 Buritama;1
350840 Cabreúva;-
350850 Caçapava;9
350870 Caconde;6
350880 Cafelândia;8
350920 Cajamar;1
350930 Cajobi;3
350940 Cajuru;6
350950 Campinas;189
350960 Campo Limpo Paulista;8
350970 Campos do Jordão;14
351000 Cândido Mota;8
351020 Capão Bonito;4
351040 Capivari;15
351050 Caraguatatuba;27
351060 Carapicuíba;50
351070 Cardoso;1
351080 Casa Branca;2
351100 Castilho;-
351110 Catanduva;26
351140 Cerqueira César;3
351150 Cerquilho;1
351160 Cesário Lange;2
351170 Charqueada;3
355720 Chavantes;3
351190 Clementina;3
351200 Colina;6
351210 Colômbia;6
351220 Conchal;5
351280 Cosmópolis;5
351300 Cotia;22
351310 Cravinhos;3
351340 Cruzeiro;10
351350 Cubatão;14
351360 Cunha;6
351370 Descalvado;4
351380 Diadema;103
351390 Divinolândia;7
351410 Dois Córregos;5
351430 Dourado;-
351440 Dracena;21
351450 Duartina;8
351500 Embu das Artes;3
351510 Embu-Guaçu;1
351518 Espírito Santo do Pinhal;6
351520 Estrela d'Oeste;1
351540 Fartura;3
351550 Fernandópolis;21
351570 Ferraz de Vasconcelos;22
351600 Flórida Paulista;1
351620 Franca;12
351630 Francisco Morato;22
351640 Franco da Rocha;32
351660 Gália;6
351670 Garça;9
351700 Getulina;-
351740 Guaíra;3
351760 Guapiara;2
351770 Guará;4
351780 Guaraçaí;3
351820 Guararapes;13
351830 Guararema;1
351840 Guaratinguetá;28
351860 Guariba;4
351870 Guarujá;22
351880 Guarulhos;220
351907 Hortolândia;6
351910 Iacanga;4
351930 Ibaté;4
351940 Ibirá;2
351960 Ibitinga;17
351970 Ibiúna;6
351990 Iepê;3
352010 Igarapava;4
352044 Ilha Solteira;22
352040 Ilhabela;10
352050 Indaiatuba;20
352070 Indiaporã;1
352090 Ipaussu;3
352130 Ipuã;1
352170 Itaberá;6
352180 Itaí;4
352210 Itanhaém;30
352220 Itapecerica da Serra;43
352230 Itapetininga;24
352240 Itapeva;4
352250 Itapevi;50
352260 Itapira;4
352270 Itápolis;3
352280 Itaporanga;4
352290 Itapuí;5
352310 Itaquaquecetuba;25
352320 Itararé;3
352340 Itatiba;10
352360 Itirapina;-
352390 Itu;21
352400 Itupeva;1
352410 Ituverava;5
352420 Jaborandi;1
352430 Jaboticabal;10
352440 Jacareí;14
352450 Jaci;3
352470 Jaguariúna;12
352480 Jales;15
352530 Jaú;39
352570 José Bonifácio;1
352590 Jundiaí;136
352600 Junqueirópolis;2
352640 Laranjal Paulista;2
352670 Leme;14
352680 Lençóis Paulista;8
352690 Limeira;22
352710 Lins;25
352720 Lorena;9
352730 Louveira;6
352800 Macatuba;3
352850 Mairiporã;8
352880 Maracaí;2
352900 Marília;84
352920 Martinópolis;1
352930 Matão;18
352940 Mauá;28
352970 Miguelópolis;15
353010 Mirandópolis;15
353030 Mirassol;7
353050 Mococa;5
353060 Mogi das Cruzes;115
353070 Mogi Guaçu;34
353080 Mogi Mirim;20
353110 Mongaguá;6
353130 Monte Alto;15
353140 Monte Aprazível;6
353150 Monte Azul Paulista;5
353190 Morro Agudo;3
353260 Nhandeara;4
353290 Nova Europa;1
353300 Nova Granada;1
353340 Nova Odessa;2
353350 Novo Horizonte;7
353390 Olímpia;12
353430 Orlândia;12
353440 Osasco;43
353460 Osvaldo Cruz;3
353470 Ourinhos;21
353475 Ouroeste;6
353490 Pacaembu;4
353520 Palmeira d'Oeste;1
353530 Palmital;6
353550 Paraguaçu Paulista;20
353580 Paranapanema;2
353620 Pariquera-Açu;42
353630 Patrocínio Paulista;4
353650 Paulínia;13
353660 Paulo de Faria;1
353670 Pederneiras;4
353700 Pedregulho;9
353710 Pedreira;16
353730 Penápolis;16
353740 Pereira Barreto;13
353780 Piedade;10
353790 Pilar do Sul;2
353800 Pindamonhangaba;30
353860 Piracaia;2
353870 Piracicaba;49
353880 Piraju;8
353890 Pirajuí;3
353900 Pirangi;2
353930 Pirassununga;14
353940 Piratininga;6
353950 Pitangueiras;5
354000 Pompéia;2
354020 Pontal;6
354040 Populina;1
354060 Porto Feliz;6
354070 Porto Ferreira;3
354080 Potirendaba;6
354100 Praia Grande;23
354120 Presidente Bernardes;4
354130 Presidente Epitácio;6
354140 Presidente Prudente;92
354150 Presidente Venceslau;12
354160 Promissão;20
354190 Queluz;4
354220 Rancharia;18
354240 Regente Feijó;-
354260 Registro;58
354290 Ribeirão Bonito;2
354300 Ribeirão Branco;2
354330 Ribeirão Pires;2
354340 Ribeirão Preto;74
354380 Rinópolis;1
354390 Rio Claro;9
354400 Rio das Pedras;12
354420 Riolândia;1
354425 Rosana;12
354500 Salesópolis;2
354520 Salto;10
354530 Salto de Pirapora;14
354540 Salto Grande;4
354560 Santa Adélia;1
354580 Santa Bárbara d'Oeste;8
354630 Santa Cruz das Palmeiras;4
354640 Santa Cruz do Rio Pardo;10
354660 Santa Fé do Sul;8
354680 Santa Isabel;8
354750 Santa Rita do Passa Quatro;9
354760 Santa Rosa de Viterbo;2
354730 Santana de Parnaíba;2
354770 Santo Anastácio;5
354780 Santo André;130
354850 Santos;68
354860 São Bento do Sapucaí;3
354870 São Bernardo do Campo;61
354880 São Caetano do Sul;30
354890 São Carlos;32
354910 São João da Boa Vista;14
354940 São Joaquim da Barra;12
354970 São José do Rio Pardo;28
354980 São José do Rio Preto;329
354990 São José dos Campos;192
355010 São Manuel;4
355020 São Miguel Arcanjo;9
355030 São Paulo;1461
355040 São Pedro;14
355060 São Roque;6
355070 São Sebastião;15
355080 São Sebastião da Grama;2
355090 São Simão;2
355100 São Vicente;6
355160 Serra Negra;6
355150 Serrana;15
355170 Sertãozinho;12
355210 Socorro;13
355220 Sorocaba;174
355230 Sud Mennucci;8
355240 Sumaré;35
355250 Suzano;16
355260 Tabapuã;3
355270 Tabatinga;1
355280 Taboão da Serra;35
355300 Taguaí;4
355330 Tambaú;4
355360 Tapiratiba;2
355370 Taquaritinga;13
355380 Taquarituba;6
355400 Tatuí;6
355410 Taubaté;99
355430 Teodoro Sampaio;5
355440 Terra Roxa;3
355450 Tietê;4
355470 Torrinha;1
355500 Tupã;29
355510 Tupi Paulista;5
355540 Ubatuba;8
355620 Valinhos;16
355630 Valparaíso;6
355640 Vargem Grande do Sul;4
355670 Vinhedo;17
355680 Viradouro;4
355700 Votorantim;10
355710 Votuporanga;43
410010 Abatiá;1
410045 Altamira do Paraná;4
410060 Alto Paraná;1
410050 Altônia;3
410090 Amaporã;1
410100 Ampére;3
410110 Andirá;8
410120 Antonina;2
410140 Apucarana;38
410150 Arapongas;46
410170 Araruna;10
410180 Araucária;5
410190 Assaí;6
410200 Assis Chateaubriand;7
410210 Astorga;8
410240 Bandeirantes;10
410250 Barbosa Ferraz;2
410280 Bela Vista do Paraíso;2
410290 Bituruna;5
410300 Boa Esperança;2
410305 Boa Vista da Aparecida;6
410320 Bom Sucesso;4
410330 Borrazópolis;6
410360 Cambará;14
410370 Cambé;13
410390 Campina da Lagoa;8
410400 Campina Grande do Sul;45
410420 Campo Largo;66
410430 Campo Mourão;13
410440 Cândido de Abreu;2
410442 Candói;3
410460 Capitão Leônidas Marques;4
410480 Cascavel;41
410490 Castro;19
410530 Céu Azul;8
410540 Chopinzinho;4
410550 Cianorte;10
410570 Clevelândia;1
410580 Colombo;22
410590 Colorado;17
410630 Corbélia;9
410640 Cornélio Procópio;16
410650 Coronel Vivida;6
410680 Cruz Machado;4
410660 Cruzeiro do Oeste;6
410670 Cruzeiro do Sul;2
410690 Curitiba;214
410700 Curiúva;2
410715 Diamante D'Oeste;2
410710 Diamante do Norte;3
410720 Dois Vizinhos;7
410750 Engenheiro Beltrão;5
410753 Entre Rios do Oeste;4
410760 Faxinal;5
410775 Figueira;2
410790 Floresta;2
410800 Florestópolis;1
410820 Formosa do Oeste;3
410830 Foz do Iguaçu;18
410840 Francisco Beltrão;42
410860 Goioerê;6
410870 Grandes Rios;8
410880 Guaíra;7
410890 Guairaçá;4
410930 Guaraniaçu;26
410940 Guarapuava;24
410960 Guaratuba;2
410975 Ibema;5
410980 Ibiporã;12
411060 Iporã;4
411070 Irati;19
411080 Iretama;2
411090 Itaguajé;-
411095 Itaipulândia;8
411110 Itambé;2
411125 Itaperuçu;3
411130 Itaúna do Sul;2
411140 Ivaí;2
411150 Ivaiporã;25
411170 Jaboti;2
411180 Jacarezinho;8
411190 Jaguapitã;1
411200 Jaguariaíva;8
411210 Jandaia do Sul;10
411240 Japurá;2
411250 Jardim Alegre;1
411275 Jesuítas;3
411280 Joaquim Távora;1
411300 Jussara;4
411310 Kaloré;2
411320 Lapa;12
411330 Laranjeiras do Sul;10
411345 Lindoeste;3
411350 Loanda;8
411370 Londrina;138
411375 Lunardelli;3
411390 Mallet;3
411410 Mandaguaçu;1
411420 Mandaguari;6
411440 Mangueirinha;6
411450 Manoel Ribas;1
411460 Marechal Cândido Rondon;3
411500 Marilena;4
411520 Maringá;93
411540 Marmeleiro;-
411550 Marumbi;3
411560 Matelândia;8
411580 Medianeira;13
411605 Missal;3
411620 Morretes;1
411670 Nova Aurora;15
411680 Nova Cantu;1
411695 Nova Esperança do Sudoeste;1
411710 Nova Londrina;7
411720 Nova Olímpia;1
411727 Nova Tebas;5
411760 Palmas;12
411790 Palotina;4
411800 Paraíso do Norte;3
411820 Paranaguá;3
411830 Paranapoema;2
411840 Paranavaí;9
411850 Pato Branco;33
411910 Piên;22
411915 Pinhais;12
411920 Pinhalão;3
411930 Pinhão;10
411960 Pitanga;14
411980 Planalto;2
411990 Ponta Grossa;39
412000 Porecatu;4
412020 Porto Rico;1
412035 Pranchita;9
412060 Prudentópolis;18
412070 Quatiguá;2
412090 Quedas do Iguaçu;4
412100 Querência do Norte;2
412120 Quitandinha;1
412170 Reserva;-
412180 Ribeirão Claro;2
412190 Ribeirão do Pinhal;2
412200 Rio Azul;7
412230 Rio Negro;9
412240 Rolândia;6
412250 Roncador;4
412260 Rondon;6
412265 Rosário do Ivaí;4
412300 Salto do Lontra;-
412310 Santa Amélia;2
412350 Santa Helena;2
412370 Santa Isabel do Ivaí;2
412380 Santa Izabel do Oeste;7
412385 Santa Maria do Oeste;2
412390 Santa Mariana;10
412400 Santana do Itararé;3
412410 Santo Antônio da Platina;16
412420 Santo Antônio do Caiuá;1
412440 Santo Antônio do Sudoeste;1
412460 São Carlos do Ivaí;2
412490 São João do Caiuá;1
412500 São João do Ivaí;3
412510 São João do Triunfo;3
412520 São Jorge d'Oeste;2
412535 São Jorge do Patrocínio;2
412540 São José da Boa Vista;1
412545 São José das Palmeiras;6
412550 São José dos Pinhais;6
412560 São Mateus do Sul;6
412570 São Miguel do Iguaçu;4
412580 São Pedro do Ivaí;3
412620 Sapopema;3
412625 Sarandi;23
412660 Siqueira Campos;6
412667 Tamarana;1
412670 Tamboara;1
412710 Telêmaco Borba;18
412720 Terra Boa;5
412730 Terra Rica;4
412750 Tibagi;2
412760 Tijucas do Sul;1
412770 Toledo;32
412780 Tomazina;7
412785 Três Barras do Paraná;3
412795 Tupãssi;2
412796 Turvo;1
412800 Ubiratã;7
412810 Umuarama;77
412820 União da Vitória;6
412840 Uraí;3
412855 Vera Cruz do Oeste;5
412860 Verê;1
412850 Wenceslau Braz;4
420010 Abelardo Luz;8
420040 Água Doce;2
420070 Alfredo Wagner;1
420090 Angelina;16
420127 Arabutã;7
420140 Araranguá;15
420190 Aurora;1
420200 Balneário Camboriú;9
420230 Biguaçu;21
420240 Blumenau;93
420260 Bom Retiro;3
420280 Braço do Norte;8
420290 Brusque;49
420300 Caçador;4
420310 Caibi;1
420320 Camboriú;8
420330 Campo Alegre;3
420350 Campo Erê;2
420360 Campos Novos;12
420370 Canelinha;-
420380 Canoinhas;6
420390 Capinzal;5
420410 Caxambu do Sul;5
420420 Chapecó;15
420430 Concórdia;5
420440 Coronel Freitas;12
420455 Correia Pinto;1
420460 Criciúma;41
420470 Cunha Porã;5
420480 Curitibanos;13
420490 Descanso;10
420500 Dionísio Cerqueira;10
420530 Faxinal dos Guedes;4
420540 Florianópolis;96
420550 Fraiburgo;7
420590 Gaspar;32
420640 Guaraciaba;3
420650 Guaramirim;24
420660 Guarujá do Sul;2
420690 Ibirama;26
420700 Içara;29
420730 Imbituba;3
420750 Indaial;35
420760 Ipira;4
420765 Iporã do Oeste;6
420780 Irani;4
420800 Itá;6
420820 Itajaí;42
420830 Itapema;5
420840 Itapiranga;20
420850 Ituporanga;6
420870 Jacinto Machado;5
420880 Jaguaruna;8
420890 Jaraguá do Sul;35
420900 Joaçaba;13
420910 Joinville;87
420930 Lages;25
420940 Laguna;5
420960 Lauro Muller;4
420985 Lindóia do Sul;2
421000 Luiz Alves;10
421003 Luzerna;4
421010 Mafra;11
421030 Major Vieira;5
421050 Maravilha;6
421060 Massaranduba;14
421080 Meleiro;2
421090 Modelo;3
421100 Mondaí;4
421105 Monte Carlo;1
421120 Morro da Fumaça;8
421130 Navegantes;9
421140 Nova Erechim;15
421150 Nova Trento;10
421160 Nova Veneza;8
421170 Orleans;4
421175 Otacílio Costa;-
421200 Palma Sola;5
421210 Palmitos;6
421220 Papanduva;2
421250 Penha;2
421260 Peritiba;7
421290 Pinhalzinho;7
421320 Pomerode;12
421360 Porto União;10
421370 Pouso Redondo;2
421380 Praia Grande;7
421400 Presidente Getúlio;10
421420 Quilombo;8
421450 Rio do Campo;2
421480 Rio do Sul;51
421470 Rio dos Cedros;5
421490 Rio Fortuna;4
421500 Rio Negrinho;3
421550 Santa Cecília;6
421570 Santo Amaro da Imperatriz;17
421580 São Bento do Sul;5
421590 São Bonifácio;8
421600 São Carlos;10
421620 São Francisco do Sul;1
421630 São João Batista;2
421625 São João do Oeste;8
421650 São Joaquim;8
421660 São José;41
421670 São José do Cedro;5
421690 São Lourenço do Oeste;5
421720 São Miguel do Oeste;23
421725 São Pedro de Alcântara;1
421730 Saudades;10
421750 Seara;4
421770 Sombrio;30
421780 Taió;9
421790 Tangará;4
421800 Tijucas;5
421810 Timbé do Sul;3
421820 Timbó;1
421830 Três Barras;1
421840 Treze de Maio;4
421870 Tubarão;15
421875 Tunápolis;4
421880 Turvo;3
421890 Urubici;2
421900 Urussanga;10
421910 Vargeão;7
421920 Vidal Ramos;1
421930 Videira;19
421935 Vitor Meireles;2
421950 Xanxerê;16
421970 Xaxim;4
430003 Aceguá;7
430010 Agudo;12
430020 Ajuricaba;1
430040 Alegrete;10
430050 Alpestre;3
430060 Alvorada;2
430064 Ametista do Sul;4
430080 Antônio Prado;2
430090 Aratiba;4
430100 Arroio do Meio;8
430120 Arroio do Tigre;3
430130 Arroio Grande;3
430140 Arvorezinha;6
430160 Bagé;22
430210 Bento Gonçalves;7
430220 Boa Vista do Buricá;4
430230 Bom Jesus;-
430235 Bom Princípio;6
430240 Bom Retiro do Sul;4
430245 Boqueirão do Leão;4
430280 Caçapava do Sul;11
430300 Cachoeira do Sul;8
430310 Cachoeirinha;4
430330 Caibaté;2
430340 Caiçara;2
430350 Camaquã;5
430360 Cambará do Sul;3
430370 Campina das Missões;3
430380 Campinas do Sul;1
430390 Campo Bom;10
430420 Candelária;8
430430 Cândido Godói;5
430440 Canela;4
430450 Canguçu;12
430460 Canoas;109
430463 Capão da Canoa;22
430470 Carazinho;20
430480 Carlos Barbosa;12
430490 Casca;2
430510 Caxias do Sul;56
430520 Cerro Largo;3
430530 Chapada;6
430540 Chiapetta;1
430570 Condor;1
430580 Constantina;4
430600 Crissiumal;2
430610 Cruz Alta;13
430620 Cruzeiro do Sul;-
430630 David Canabarro;6
430640 Dois Irmãos;18
430645 Dois Lajeados;4
430660 Dom Pedrito;8
430680 Encantado;10
430690 Encruzilhada do Sul;8
430700 Erechim;15
430750 Espumoso;6
430755 Estação;1
430760 Estância Velha;6
430770 Esteio;12
430780 Estrela;13
430790 Farroupilha;8
430800 Faxinal do Soturno;5
430810 Feliz;2
430820 Flores da Cunha;5
430840 Formigueiro;1
430845 Fortaleza dos Valos;2
430850 Frederico Westphalen;6
430860 Garibaldi;3
430890 Getúlio Vargas;6
430900 Giruá;3
430910 Gramado;12
430920 Gravataí;3
430940 Guaporé;11
430950 Guarani das Missões;5
430960 Horizontina;4
431000 Ibirubá;6
431010 Igrejinha;5
431020 Ijuí;21
431030 Ilópolis;2
431050 Iraí;2
431060 Itaqui;4
431080 Ivoti;11
431085 Jaboticaba;3
431100 Jaguarão;9
431110 Jaguari;8
431120 Júlio de Castilhos;6
431130 Lagoa Vermelha;9
431140 Lajeado;7
431150 Lavras do Sul;2
431180 Marau;6
431190 Marcelino Ramos;1
431205 Marques de Souza;1
431220 Maximiliano de Almeida;4
431240 Montenegro;2
431260 Muçum;3
431265 Não-Me-Toque;5
431270 Nonoai;5
431290 Nova Bassano;2
431310 Nova Palma;4
431320 Nova Petrópolis;4
431330 Nova Prata;5
431340 Novo Hamburgo;17
431350 Osório;6
431360 Paim Filho;5
431365 Palmares do Sul;1
431370 Palmeira das Missões;29
431380 Palmitinho;9
431390 Panambi;5
431400 Paraí;2
431402 Paraíso do Sul;4
431405 Parobé;2
431410 Passo Fundo;51
431420 Pedro Osório;3
431430 Pejuçara;2
431440 Pelotas;42
431447 Pinhal Grande;1
431450 Pinheiro Machado;2
431460 Piratini;7
431470 Planalto;4
431480 Portão;6
431490 Porto Alegre;367
431510 Porto Xavier;3
431515 Progresso;1
431520 Putinga;2
431530 Quaraí;6
431535 Quinze de Novembro;1
431550 Restinga Seca;2
431560 Rio Grande;48
431570 Rio Pardo;23
431580 Roca Sales;2
431590 Rodeio Bonito;8
431600 Rolante;21
431610 Ronda Alta;9
431620 Rondinha;7
431630 Roque Gonzales;3
431640 Rosário do Sul;10
431643 Saldanha Marinho;2
431645 Salto do Jacuí;2
431650 Salvador do Sul;2
431660 Sananduva;4
431710 Sant'Ana do Livramento;5
431670 Santa Bárbara do Sul;4
431680 Santa Cruz do Sul;14
431690 Santa Maria;36
431720 Santa Rosa;18
431730 Santa Vitória do Palmar;6
431740 Santiago;15
431750 Santo Ângelo;13
431760 Santo Antônio da Patrulha;6
431780 Santo Augusto;16
431790 Santo Cristo;6
431800 São Borja;12
431810 São Francisco de Assis;8
431820 São Francisco de Paula;1
431830 São Gabriel;5
431840 São Jerônimo;16
431860 São José do Ouro;12
431870 São Leopoldo;30
431880 São Lourenço do Sul;7
431890 São Luiz Gonzaga;6
431900 São Marcos;6
431910 São Martinho;1
431930 São Paulo das Missões;5
431940 São Pedro do Sul;5
431950 São Sebastião do Caí;7
431960 São Sepé;3
431980 São Vicente do Sul;3
431990 Sapiranga;12
432000 Sapucaia do Sul;9
432010 Sarandi;6
432020 Seberi;5
432030 Selbach;2
432040 Serafina Corrêa;5
432060 Severiano de Almeida;-
432067 Sinimbu;4
432070 Sobradinho;6
432080 Soledade;7
432090 Tapejara;4
432100 Tapera;4
432110 Tapes;1
432120 Taquara;8
432130 Taquari;4
432140 Tenente Portela;4
432145 Teutônia;3
432150 Torres;6
432160 Tramandaí;4
432170 Três Coroas;2
432180 Três de Maio;5
432190 Três Passos;8
432195 Trindade do Sul;8
432200 Triunfo;4
432220 Tupanciretã;8
432230 Tuparendi;3
432240 Uruguaiana;6
432250 Vacaria;18
432253 Vale do Sol;3
432260 Venâncio Aires;10
432270 Vera Cruz;5
432280 Veranópolis;4
432300 Viamão;20
500020 Água Clara;1
500060 Amambai;10
500070 Anastácio;8
500080 Anaurilândia;2
500085 Angélica;1
500090 Antônio João;1
500100 Aparecida do Taboado;12
500110 Aquidauana;16
500150 Bandeirantes;2
500190 Bataguassu;2
500210 Bela Vista;4
500215 Bodoquena;1
500220 Bonito;6
500230 Brasilândia;2
500240 Caarapó;2
500260 Camapuã;3
500270 Campo Grande;114
500280 Caracol;1
500290 Cassilândia;4
500295 Chapadão do Sul;8
500315 Coronel Sapucaia;1
500320 Corumbá;28
500325 Costa Rica;6
500330 Coxim;9
500345 Deodápolis;1
500348 Dois Irmãos do Buriti;1
500370 Dourados;26
500375 Eldorado;2
500380 Fátima do Sul;6
500390 Figueirão;1
500400 Glória de Dourados;1
500410 Guia Lopes da Laguna;1
500430 Iguatemi;10
500440 Inocência;2
500450 Itaporã;3
500460 Itaquiraí;2
500470 Ivinhema;4
500500 Jardim;3
500510 Jateí;2
500515 Juti;1
500525 Laguna Carapã;1
500540 Maracaju;8
500560 Miranda;6
500568 Mundo Novo;4
500570 Naviraí;9
500600 Nova Alvorada do Sul;3
500620 Nova Andradina;3
500625 Novo Horizonte do Sul;2
500630 Paranaíba;5
500635 Paranhos;1
500640 Pedro Gomes;4
500660 Ponta Porã;10
500690 Porto Murtinho;3
500710 Ribas do Rio Pardo;1
500720 Rio Brilhante;7
500730 Rio Negro;1
500740 Rio Verde de Mato Grosso;4
500750 Rochedo;1
500755 Santa Rita do Pardo;1
500769 São Gabriel do Oeste;3
500770 Sete Quedas;2
500790 Sidrolândia;3
500793 Sonora;2
500795 Tacuru;1
500797 Taquarussu;1
500830 Três Lagoas;9
500840 Vicentina;1
510020 Água Boa;6
510025 Alta Floresta;8
510030 Alto Araguaia;4
510060 Alto Taquari;3
510080 Apiacás;1
510125 Araputanga;4
510130 Arenápolis;4
510140 Aripuanã;4
510170 Barra do Bugres;-
510180 Barra do Garças;6
510190 Brasnorte;5
510250 Cáceres;34
510260 Campinápolis;2
510263 Campo Novo do Parecis;6
510267 Campo Verde;1
510268 Campos de Júlio;4
510270 Canarana;6
510305 Cláudia;1
510310 Cocalinho;2
510320 Colíder;12
510325 Colniza;5
510330 Comodoro;5
510335 Confresa;7
510337 Cotriguaçu;4
510340 Cuiabá;85
510350 Diamantino;16
510360 Dom Aquino;1
510385 Gaúcha do Norte;1
510390 General Carneiro;2
510410 Guarantã do Norte;1
510420 Guiratinga;1
510455 Itaúba;2
510460 Itiquira;3
510480 Jaciara;2
510500 Jauru;8
510510 Juara;5
510515 Juína;8
510517 Juruena;2
510525 Lucas do Rio Verde;12
510558 Marcelândia;-
510560 Matupá;4
510562 Mirassol d'Oeste;8
510590 Nobres;5
510615 Nova Bandeirantes;1
510622 Nova Mutum;6
510623 Nova Olímpia;1
510625 Nova Xavantina;3
510627 Novo Horizonte do Norte;1
510628 Novo São Joaquim;3
510629 Paranaíta;6
510630 Paranatinga;4
510637 Pedra Preta;8
510642 Peixoto de Azevedo;6
510650 Poconé;12
510670 Ponte Branca;2
510675 Pontes e Lacerda;6
510677 Porto Alegre do Norte;2
510680 Porto dos Gaúchos;5
510700 Poxoréo;7
510704 Primavera do Leste;5
510706 Querência;1
510718 Ribeirão Cascalheira;5
510719 Ribeirãozinho;2
510760 Rondonópolis;17
510770 Rosário Oeste;-
510775 Salto do Céu;3
510777 Santa Terezinha;4
510780 Santo Antônio do Leverger;5
510785 São Félix do Araguaia;4
510730 São José do Rio Claro;4
510710 São José dos Quatro Marcos;5
510787 Sapezal;2
510790 Sinop;12
510792 Sorriso;15
510794 Tabaporã;2
510795 Tangará da Serra;7
510800 Tapurah;3
510805 Terra Nova do Norte;9
510810 Tesouro;1
510820 Torixoréu;4
510840 Várzea Grande;47
510550 Vila Bela da Santíssima Trindade;13
510860 Vila Rica;1
520013 Acreúna;1
520025 Águas Lindas de Goiás;11
520030 Alexânia;4
520050 Aloândia;2
520080 Alvorada do Norte;4
520085 Americano do Brasil;3
520090 Amorinópolis;2
520110 Anápolis;38
520130 Anicuns;6
520140 Aparecida de Goiânia;84
520150 Aporé;2
520170 Aragarças;3
520215 Araguapaz;2
520235 Arenópolis;1
520250 Aruanã;1
520280 Avelinópolis;1
520320 Barro Alto;2
520330 Bela Vista de Goiás;1
520340 Bom Jardim de Goiás;4
520350 Bom Jesus de Goiás;3
520380 Britânia;2
520390 Buriti Alegre;4
520393 Buriti de Goiás;2
520410 Cachoeira Alta;4
520425 Cachoeira Dourada;2
520430 Caçu;6
520440 Caiapônia;3
520450 Caldas Novas;16
520465 Campinaçu;4
520470 Campinorte;1
520490 Campos Belos;2
520505 Castelândia;2
520510 Catalão;8
520540 Ceres;32
520545 Cezarina;2
520547 Chapadão do Céu;4
520549 Cidade Ocidental;6
520570 Córrego do Ouro;3
520620 Cristalina;4
520630 Cristianópolis;2
520640 Crixás;10
520650 Cromínia;1
520660 Cumari;1
520670 Damianópolis;1
520710 Diorama;1
520725 Doverlândia;2
520740 Edéia;2
520750 Estrela do Norte;4
520753 Faina;2
520760 Fazenda Nova;4
520780 Firminópolis;2
520810 Formoso;3
520850 Goiandira;2
520860 Goianésia;14
520870 Goiânia;321
520880 Goianira;8
520890 Goiás;10
520910 Goiatuba;10
520960 Heitoraí;2
520970 Hidrolândia;2
520980 Hidrolina;2
520990 Iaciara;3
520993 Inaciolândia;2
520995 Indiara;4
521000 Inhumas;7
521010 Ipameri;4
521020 Iporá;5
521030 Israelândia;1
521040 Itaberaí;8
521080 Itajá;2
521090 Itapaci;4
521100 Itapirapuã;4
521120 Itapuranga;13
521130 Itarumã;1
521140 Itauçu;4
521150 Itumbiara;9
521160 Ivolândia;2
521170 Jandaia;2
521180 Jaraguá;12
521190 Jataí;32
521200 Jaupaci;1
521210 Joviânia;2
521220 Jussara;3
521250 Luziânia;12
521260 Mairipotaba;5
521280 Mara Rosa;1
521295 Matrinchã;3
521300 Maurilândia;4
521308 Minaçu;12
521310 Mineiros;34
521370 Montes Claros de Goiás;2
521380 Morrinhos;11
521385 Morro Agudo de Goiás;1
521390 Mossâmedes;-
521400 Mozarlândia;2
521405 Mundo Novo;2
521410 Mutunópolis;2
521440 Nazário;1
521450 Nerópolis;10
521460 Niquelândia;5
521483 Nova Crixás;2
521520 Novo Brasil;1
521530 Orizona;4
521550 Ouvidor;2
521560 Padre Bernardo;5
521565 Palestina de Goiás;2
521570 Palmeiras de Goiás;2
521590 Palminópolis;2
521630 Paranaiguara;3
521640 Paraúna;4
521680 Petrolina de Goiás;1
521710 Piracanjuba;8
521720 Piranhas;2
521730 Pirenópolis;7
521740 Pires do Rio;12
521760 Planaltina;5
521770 Pontalina;2
521800 Porangatu;4
521805 Porteirão;2
521810 Portelândia;2
521830 Posse;5
521850 Quirinópolis;13
521860 Rialma;4
521880 Rio Verde;42
521890 Rubiataba;2
521900 Sanclerlândia;3
521910 Santa Bárbara de Goiás;1
521920 Santa Cruz de Goiás;3
521925 Santa Fé de Goiás;1
521930 Santa Helena de Goiás;24
521950 Santa Rosa de Goiás;3
521960 Santa Tereza de Goiás;2
521970 Santa Terezinha de Goiás;3
521973 Santo Antônio de Goiás;4
521980 São Domingos;1
522010 São Luís de Montes Belos;2
522015 São Luíz do Norte;3
522020 São Miguel do Araguaia;6
522040 São Simão;2
522045 Senador Canedo;-
522050 Serranópolis;2
522060 Silvânia;5
522068 Simolândia;2
522140 Trindade;18
522150 Turvânia;3
522155 Turvelândia;2
522160 Uruaçu;27
522170 Uruana;22
522185 Valparaíso de Goiás;5
522200 Vianópolis;4
522205 Vicentinópolis;3
530010 Brasília;507
Total;35094
 A partir da competência de Janeiro 2010 os dados referentes;
 a leitos Complementares foram retirados da consulta referente;
 a leitos de Internação, passando a constituir uma consulta específica conforme descrito na Nota Técnica.;
 Fonte: Ministério da Saúde - Cadastro Nacional dos Estabelecimentos de Saúde do Brasil - CNES;
 Nota:;
 A partir do processamento de junho de 2012, houve mudança na classificação da natureza e esfera dos estabelecimentos. Com isso, temos que:;
 ;
" Até maio de 2012 estas informações estão disponíveis como ""Natureza"" e ""Esfera Administrativa"".";
" De junho de 2012 a outubro de 2015, estão disponíveis tanto como ""Natureza"" e ""Esfera Administrativa"", como ""Natureza Jurídica"" e ""Esfera Jurídica"".";
" A partir de novembro de 2015, estão disponíveis como ""Natureza Jurídica"" e ""Esfera Jurídica"".";
 ;
